case,family,api,size,run,duration_sec
df_rdd_aggregations,df_vs_rdd,DataFrame,2000000,1,0.28119179100031033
df_rdd_aggregations,df_vs_rdd,DataFrame,2000000,2,0.25823295800364576
df_rdd_aggregations,df_vs_rdd,DataFrame,2000000,3,0.26230000000214204
df_rdd_aggregations,df_vs_rdd,DataFrame,2000000,4,0.24967649998143315
df_rdd_aggregations,df_vs_rdd,DataFrame,2000000,5,0.25432575002196245
df_rdd_aggregations,df_vs_rdd,RDD,2000000,1,0.617642249999335
df_rdd_aggregations,df_vs_rdd,RDD,2000000,2,0.6288616249803454
df_rdd_aggregations,df_vs_rdd,RDD,2000000,3,0.6481026250112336
df_rdd_aggregations,df_vs_rdd,RDD,2000000,4,0.5847617909894325
df_rdd_aggregations,df_vs_rdd,RDD,2000000,5,0.6011797089886386
df_rdd_aggregations,df_vs_rdd,DataFrame,8000000,1,0.23583716599387117
df_rdd_aggregations,df_vs_rdd,DataFrame,8000000,2,0.22734616699744947
df_rdd_aggregations,df_vs_rdd,DataFrame,8000000,3,0.2393439580046106
df_rdd_aggregations,df_vs_rdd,DataFrame,8000000,4,0.24098820801009424
df_rdd_aggregations,df_vs_rdd,DataFrame,8000000,5,0.24052566598402336
df_rdd_aggregations,df_vs_rdd,RDD,8000000,1,1.8142829170101322
df_rdd_aggregations,df_vs_rdd,RDD,8000000,2,1.9156320420152042
df_rdd_aggregations,df_vs_rdd,RDD,8000000,3,1.8646730000036769
df_rdd_aggregations,df_vs_rdd,RDD,8000000,4,1.9333731249789707
df_rdd_aggregations,df_vs_rdd,RDD,8000000,5,1.908031208004104
df_rdd_aggregations,df_vs_rdd,DataFrame,20000000,1,0.23098220801330172
df_rdd_aggregations,df_vs_rdd,DataFrame,20000000,2,0.22899279100238346
df_rdd_aggregations,df_vs_rdd,DataFrame,20000000,3,0.25321262498619035
df_rdd_aggregations,df_vs_rdd,DataFrame,20000000,4,0.23197095800423995
df_rdd_aggregations,df_vs_rdd,DataFrame,20000000,5,0.2392707499966491
df_rdd_aggregations,df_vs_rdd,RDD,20000000,1,4.335616208001738
df_rdd_aggregations,df_vs_rdd,RDD,20000000,2,4.333506833994761
df_rdd_aggregations,df_vs_rdd,RDD,20000000,3,4.315156749973539
df_rdd_aggregations,df_vs_rdd,RDD,20000000,4,4.454454916995019
df_rdd_aggregations,df_vs_rdd,RDD,20000000,5,4.375734250003006
df_rdd_window_topn,df_vs_rdd,DataFrame,2000000,1,0.3120564160053618
df_rdd_window_topn,df_vs_rdd,DataFrame,2000000,2,0.2960957920004148
df_rdd_window_topn,df_vs_rdd,DataFrame,2000000,3,0.30393220897531137
df_rdd_window_topn,df_vs_rdd,DataFrame,2000000,4,0.32112995799980126
df_rdd_window_topn,df_vs_rdd,DataFrame,2000000,5,0.31108737501199357
df_rdd_window_topn,df_vs_rdd,RDD,2000000,1,0.7836155839904677
df_rdd_window_topn,df_vs_rdd,RDD,2000000,2,0.8818212499900255
df_rdd_window_topn,df_vs_rdd,RDD,2000000,3,0.7163186249963474
df_rdd_window_topn,df_vs_rdd,RDD,2000000,4,0.7692153329844587
df_rdd_window_topn,df_vs_rdd,RDD,2000000,5,0.7954745409952011
df_rdd_window_topn,df_vs_rdd,DataFrame,8000000,1,0.439097499998752
df_rdd_window_topn,df_vs_rdd,DataFrame,8000000,2,0.383049124997342
df_rdd_window_topn,df_vs_rdd,DataFrame,8000000,3,0.4156312919803895
df_rdd_window_topn,df_vs_rdd,DataFrame,8000000,4,0.41975179201108404
df_rdd_window_topn,df_vs_rdd,DataFrame,8000000,5,0.38500045900582336
df_rdd_window_topn,df_vs_rdd,RDD,8000000,1,2.5264278749818914
df_rdd_window_topn,df_vs_rdd,RDD,8000000,2,2.6259935419948306
df_rdd_window_topn,df_vs_rdd,RDD,8000000,3,2.567793916008668
df_rdd_window_topn,df_vs_rdd,RDD,8000000,4,2.629802417010069
df_rdd_window_topn,df_vs_rdd,RDD,8000000,5,2.57618974999059
df_rdd_window_topn,df_vs_rdd,DataFrame,20000000,1,1.0309991250105668
df_rdd_window_topn,df_vs_rdd,DataFrame,20000000,2,1.1229235419887118
df_rdd_window_topn,df_vs_rdd,DataFrame,20000000,3,1.0675807080115192
df_rdd_window_topn,df_vs_rdd,DataFrame,20000000,4,1.0329162499983795
df_rdd_window_topn,df_vs_rdd,DataFrame,20000000,5,1.010619874985423
df_rdd_window_topn,df_vs_rdd,RDD,20000000,1,6.138405125006102
df_rdd_window_topn,df_vs_rdd,RDD,20000000,2,5.983645665983204
df_rdd_window_topn,df_vs_rdd,RDD,20000000,3,6.293005999992602
df_rdd_window_topn,df_vs_rdd,RDD,20000000,4,6.288105249986984
df_rdd_window_topn,df_vs_rdd,RDD,20000000,5,6.145980875007808
df_rdd_nested_types,df_vs_rdd,DataFrame,2000000,1,0.2176898329926189
df_rdd_nested_types,df_vs_rdd,DataFrame,2000000,2,0.21267912501934916
df_rdd_nested_types,df_vs_rdd,DataFrame,2000000,3,0.22029354199185036
df_rdd_nested_types,df_vs_rdd,DataFrame,2000000,4,0.21923204101040028
df_rdd_nested_types,df_vs_rdd,DataFrame,2000000,5,0.21193370799301192
df_rdd_nested_types,df_vs_rdd,RDD,2000000,1,1.525607540999772
df_rdd_nested_types,df_vs_rdd,RDD,2000000,2,1.5815377500257455
df_rdd_nested_types,df_vs_rdd,RDD,2000000,3,1.4780762089940254
df_rdd_nested_types,df_vs_rdd,RDD,2000000,4,1.5224866660137195
df_rdd_nested_types,df_vs_rdd,RDD,2000000,5,1.4791584589984268
df_rdd_nested_types,df_vs_rdd,DataFrame,8000000,1,0.3718037919898052
df_rdd_nested_types,df_vs_rdd,DataFrame,8000000,2,0.3795700839837082
df_rdd_nested_types,df_vs_rdd,DataFrame,8000000,3,0.38023641699692234
df_rdd_nested_types,df_vs_rdd,DataFrame,8000000,4,0.38898545800475404
df_rdd_nested_types,df_vs_rdd,DataFrame,8000000,5,0.4948994159931317
df_rdd_nested_types,df_vs_rdd,RDD,8000000,1,5.6143765410233755
df_rdd_nested_types,df_vs_rdd,RDD,8000000,2,5.424891165981535
df_rdd_nested_types,df_vs_rdd,RDD,8000000,3,5.611014750000322
df_rdd_nested_types,df_vs_rdd,RDD,8000000,4,5.496063250000589
df_rdd_nested_types,df_vs_rdd,RDD,8000000,5,5.492090375017142
df_rdd_nested_types,df_vs_rdd,DataFrame,20000000,1,0.8600850419898052
df_rdd_nested_types,df_vs_rdd,DataFrame,20000000,2,0.9302103750233073
df_rdd_nested_types,df_vs_rdd,DataFrame,20000000,3,0.929839374992298
df_rdd_nested_types,df_vs_rdd,DataFrame,20000000,4,0.8974307919852436
df_rdd_nested_types,df_vs_rdd,DataFrame,20000000,5,1.0779311250080355
df_rdd_nested_types,df_vs_rdd,RDD,20000000,1,13.167649499984691
df_rdd_nested_types,df_vs_rdd,RDD,20000000,2,13.312206792004872
df_rdd_nested_types,df_vs_rdd,RDD,20000000,3,13.697499916015659
df_rdd_nested_types,df_vs_rdd,RDD,20000000,4,13.470460417011054
df_rdd_nested_types,df_vs_rdd,RDD,20000000,5,13.504115749994526
sql_df_projection_chain,sql_vs_df,SQL,2000000,1,0.3756706660205964
sql_df_projection_chain,sql_vs_df,SQL,2000000,2,0.3749479170073755
sql_df_projection_chain,sql_vs_df,SQL,2000000,3,0.38515208300668746
sql_df_projection_chain,sql_vs_df,SQL,2000000,4,0.383876167004928
sql_df_projection_chain,sql_vs_df,SQL,2000000,5,0.36267633401439525
sql_df_projection_chain,sql_vs_df,DataFrame,2000000,1,0.6611885410093237
sql_df_projection_chain,sql_vs_df,DataFrame,2000000,2,0.6899492499942426
sql_df_projection_chain,sql_vs_df,DataFrame,2000000,3,0.6130504579923581
sql_df_projection_chain,sql_vs_df,DataFrame,2000000,4,0.6338192500115838
sql_df_projection_chain,sql_vs_df,DataFrame,2000000,5,0.6399854999908712
sql_df_projection_chain,sql_vs_df,SQL,8000000,1,0.7670133339997847
sql_df_projection_chain,sql_vs_df,SQL,8000000,2,0.7035137079947162
sql_df_projection_chain,sql_vs_df,SQL,8000000,3,0.7116302919748705
sql_df_projection_chain,sql_vs_df,SQL,8000000,4,0.7180521660193335
sql_df_projection_chain,sql_vs_df,SQL,8000000,5,0.6964303749846295
sql_df_projection_chain,sql_vs_df,DataFrame,8000000,1,0.9799561670224648
sql_df_projection_chain,sql_vs_df,DataFrame,8000000,2,0.9482871669752058
sql_df_projection_chain,sql_vs_df,DataFrame,8000000,3,0.9593897500017192
sql_df_projection_chain,sql_vs_df,DataFrame,8000000,4,0.970339082996361
sql_df_projection_chain,sql_vs_df,DataFrame,8000000,5,0.9457277500187047
sql_df_projection_chain,sql_vs_df,SQL,20000000,1,1.6500422919925768
sql_df_projection_chain,sql_vs_df,SQL,20000000,2,1.599629417003598
sql_df_projection_chain,sql_vs_df,SQL,20000000,3,1.6225652910070494
sql_df_projection_chain,sql_vs_df,SQL,20000000,4,1.558686874981504
sql_df_projection_chain,sql_vs_df,SQL,20000000,5,1.5903272090072278
sql_df_projection_chain,sql_vs_df,DataFrame,20000000,1,1.9302514580194838
sql_df_projection_chain,sql_vs_df,DataFrame,20000000,2,2.00862408298417
sql_df_projection_chain,sql_vs_df,DataFrame,20000000,3,1.9796581249975134
sql_df_projection_chain,sql_vs_df,DataFrame,20000000,4,1.8499740000115708
sql_df_projection_chain,sql_vs_df,DataFrame,20000000,5,1.7682288749783766
sql_df_case_vs_union,sql_vs_df,SQL,2000000,1,0.3464461670082528
sql_df_case_vs_union,sql_vs_df,SQL,2000000,2,0.3567746249900665
sql_df_case_vs_union,sql_vs_df,SQL,2000000,3,0.32042987502063625
sql_df_case_vs_union,sql_vs_df,SQL,2000000,4,0.31090345900156535
sql_df_case_vs_union,sql_vs_df,SQL,2000000,5,0.32949845801340416
sql_df_case_vs_union,sql_vs_df,DataFrame,2000000,1,0.46253029198851436
sql_df_case_vs_union,sql_vs_df,DataFrame,2000000,2,0.49223020899808034
sql_df_case_vs_union,sql_vs_df,DataFrame,2000000,3,0.5438509160012472
sql_df_case_vs_union,sql_vs_df,DataFrame,2000000,4,0.47819966697716154
sql_df_case_vs_union,sql_vs_df,DataFrame,2000000,5,0.44871812500059605
sql_df_case_vs_union,sql_vs_df,SQL,8000000,1,0.632395250024274
sql_df_case_vs_union,sql_vs_df,SQL,8000000,2,0.6558164160232991
sql_df_case_vs_union,sql_vs_df,SQL,8000000,3,0.6555027079884894
sql_df_case_vs_union,sql_vs_df,SQL,8000000,4,0.6949561249930412
sql_df_case_vs_union,sql_vs_df,SQL,8000000,5,0.7435228750109673
sql_df_case_vs_union,sql_vs_df,DataFrame,8000000,1,0.59471425000811
sql_df_case_vs_union,sql_vs_df,DataFrame,8000000,2,0.5930585419991985
sql_df_case_vs_union,sql_vs_df,DataFrame,8000000,3,0.5949001249973662
sql_df_case_vs_union,sql_vs_df,DataFrame,8000000,4,0.6196849590050988
sql_df_case_vs_union,sql_vs_df,DataFrame,8000000,5,0.5913101249898318
sql_df_case_vs_union,sql_vs_df,SQL,20000000,1,1.4293732499936596
sql_df_case_vs_union,sql_vs_df,SQL,20000000,2,1.3795957079855725
sql_df_case_vs_union,sql_vs_df,SQL,20000000,3,1.3320268340175971
sql_df_case_vs_union,sql_vs_df,SQL,20000000,4,1.3566974170098547
sql_df_case_vs_union,sql_vs_df,SQL,20000000,5,1.3802177920006216
sql_df_case_vs_union,sql_vs_df,DataFrame,20000000,1,1.0641483749786858
sql_df_case_vs_union,sql_vs_df,DataFrame,20000000,2,0.8633406249864493
sql_df_case_vs_union,sql_vs_df,DataFrame,20000000,3,0.891271250002319
sql_df_case_vs_union,sql_vs_df,DataFrame,20000000,4,0.8290920839936007
sql_df_case_vs_union,sql_vs_df,DataFrame,20000000,5,0.8136681659962051
